Hugo_Symbol,Entrez_Gene_Id
RWDD1,
DISP3,
AHSP,
FGF16,
CNOT9,
MSRB1,
PRELID2,
FKBP1A,
ZFP69B,
C20ORF203,
CRCT1,
ZNRF1,
B3GNT5,
HGH1,
DEC1,
OTUD1,
CBX1,
TTC1,
LRRC14B,
CDY2A,
GMNN,
TMEM115,
SLC38A6,
RBM4B,
CORT,
MIF,
RTN4RL1,
NSD2,
CLEC19A,
ANKRD63,
IRF2,
CNEP1R1,
MPHOSPH6,
RIOX1,
ADGRG1,
MT1F,
KLHL21,
NQO1,
UTP25,
MRPL27,
CNOT11,
DNAJB5,
DNAJB14,
OSTM1,
PRKACA,
CDY1,
VN1R1,
CSNK2A3,
CALHM4,
FGF11,
RNF130,
CDKN1B,
ISG15,
UBTD1,
RPS11,
C17ORF67,
GADD45G,
EIF1AX,
YAE1,
MAIP1,
CHKA,
ZPR1,
ANKRD53,
GOLGA6L9,
TMEM187,
SMIM27,
SS18L2,
CCDC121,
SPANXB1,
MED14OS,
MTERF3,
SIRT6,
PLAGL2,
DYNLT3,
TSSC4,
NABP2,
ELOC,
CD27,
FDX2,
CEBPZOS,
LVRN,
SLC16A3,
RLBP1,
TMEM88,
SRY,
OR6C65,
BICDL1,
SLF1,
PLPP3,
LRAT,
MMD,
GMCL2,
DLEU7,
PGA3,
OR51H1,
SPRYD7,
PARK7,
ECPAS,
PNMA6E,
PCBP1,
C3ORF80,
SLC1A4,
FAM104B,
THAP4,
AKAP7,
CCNE2,
CFAP65,
PTRH2,
BTG4,
ADPRM,
MAN1A1,
RNASE3,
SUSD6,
OSGEPL1,
RNFT1,
SLC25A39,
PIH1D3,
CANT1,
SDHB,
CENPU,
NEDD8,
PYCR3,
JHY,
SLX1A,
PIGBOS1,
KCNC3,
RNASE8,
SELENOW,
WASHC2C,
ANKRD40CL,
SAT1,
CTTNBP2NL,
YBEY,
BIK,
C12ORF45,
CSF3R,
CCL1,
NAIF1,
PATJ,
OXLD1,
ATP5MC3,
BANF1,
MOSMO,
CXORF40A,
IFNA21,
SKA3,
TLCD1,
LTC4S,
PTRHD1,
HNRNPAB,
CGGBP1,
CBWD3,
NDFIP1,
ZBTB24,
PAK5,
TPBGL,
C8G,
GAGE12J,
STN1,
MNS1,
CAB39,
TAS2R10,
SPINDOC,
MOB3A,
SPNS3,
LRRC75A,
USP17L17,
HENMT1,
TRIP10,
DEFB126,
CES3,
PRM1,
CDPF1,
NACC2,
FOXF2,
CALCA,
UMAD1,
PITPNB,
BORCS7,
TCL1B,
OR2A5,
OR2H2,
SPDYC,
SWSAP1,
CLCN2,
OR4Q2,
TMEM266,
TMEM263,
HRAS,
H2BFS,
NAGPA,
UTP3,
CFAP99,
PRELID3A,
FBXL22,
RPRML,
SPATA2,
LUM,
C3ORF33,
PLPPR1,
HEYL,
KLRG2,
ITPRID1,
PLRG1,
ZFYVE21,
LGALS3,
CBR1,
PRAMEF20,
KIAA1586,
CRYAB,
NIPAL2,
TLNRD1,
P2RY13,
HHLA3,
TCF21,
FAM24A,
ATP6V1E2,
ZBTB12,
SAA1,
RFPL4B,
ETFA,
CFAP43,
ST6GALNAC1,
IL9,
MIF4GD,
SLC25A20,
PRPF38B,
KIAA2012,
IDI1,
ZMPSTE24,
P3H1,
ZBTB8OS,
C3ORF38,
PGGHG,
HSF4,
HSD11B1,
HNRNPC,
PRAMEF9,
METTL26,
TNNI1,
HSPB2,
PRPF4B,
CCDC84,
RPL21,
HOXC9,
HACD4,
SEC22C,
USP17L24,
SARNP,
ZGRF1,
DEFB107A,
RPLP2,
KCTD2,
MORF4L2,
UCHL3,
CEP162,
ZNF576,
ABCB9,
LDAH,
HIST1H4C,
CYREN,
SMAD9,
INSL4,
RCAN3,
TMEM39B,
DCANP1,
CFAP126,
CREG1,
MT1X,
ATP5MD,
RFT1,
FAM229A,
VBP1,
MXD3,
SMIM6,
SHLD3,
ERP27,
WASHC2A,
TMSB10,
BEX2,
SCAMP3,
USP17L20,
SNRNP35,
FBXL21,
EGLN3,
HIST2H2AC,
UROD,
TMEM270,
TMEM150A,
SMIM18,
RBX1,
RPL22,
PSMA6,
TRMT61A,
CCDC197,
PLA2G1B,
METTL16,
PRR35,
EIF5A,
FKBP3,
TMEM30B,
NUDT16L1,
RTF2,
DNAJC24,
MRPL17,
TMEM170B,
ZNF263,
USP17L11,
SHMT2,
TMIE,
MT1HL1,
MTRNR2L10,
AURKAIP1,
MTHFS,
TMEM223,
VPS28,
RPS13,
TAS2R43,
COX7A2,
HEXIM2,
SNX27,
RMND5B,
ALOX5AP,
RDH12,
CUTC,
ASCL5,
ACOT4,
GLMP,
BCL7B,
BTG3,
CFAP97D1,
RTL10,
CRH,
TCIM,
MARCH5,
FAM237A,
MTRNR2L4,
HBA2,
PRTN3,
ENY2,
IL31,
SGTB,
ARRB1,
GAS2L1,
BBC3,
ELOA3,
PMP2,
PTH,
CCDC196,
DEFB134,
C9ORF116,
CCDC167,
CD53,
ZNF251,
HACD2,
PEX13,
CCL28,
TMEM38A,
FAM69A,
PSKH1,
RPL18,
GJD3,
FAM220A,
THTPA,
F2R,
RIOK3,
KRTAP4-1,
FABP4,
LUC7L2,
DNAAF3,
TEDC2,
PHLDA3,
CYB561D1,
TRPT1,
CTSH,
GJB6,
EFNA2,
CTXN3,
ZNF273,
TEX22,
CDCA3,
ZNF660,
LRRC25,
OR7G2,
MCTS1,
TRIR,
CD70,
PIM2,
CT47A3,
SNX21,
CEACAM6,
RHOV,
UBE2D4,
TMEM262,
SLC51A,
DKKL1,
SSR4,
METTL22,
PLA2G2E,
G3BP1,
LARGE2,
URAD,
NPBWR1,
DEFB135,
TGFB1I1,
PLA2G4B,
PET117,
LOXL4,
MAGOH,
TSPO,
GAS1,
YDJC,
PLK2,
SUV39H2,
VPREB3,
CAPZA2,
NME6,
RNASET2,
SPATA48,
GPSM3,
DNAJC14,
ZNF506,
MCEE,
RHOD,
KCNQ1,
B4GAT1,
FDPS,
CCDC106,
CDK5RAP3,
GJB1,
TOGARAM2,
P2RY14,
RNF125,
TSSK4,
PPP1CA,
PRY2,
TIGAR,
PABPC1L2A,
UBL3,
CDK7,
UBA52,
CCDC107,
NMRK1,
LYRM1,
AKAIN1,
ASAH2B,
OVOL2,
SLC25A4,
POLD4,
SPRR2B,
MAVS,
MCEMP1,
RFWD3,
SIVA1,
FAM241B,
SPACA5B,
TXNRD3,
UBE2G2,
ZBED3,
OXSM,
CHMP6,
NEMP2,
PLPPR4,
NECAB2,
ENDOG,
C14ORF132,
C15ORF65,
OAZ2,
FAM183A,
TOMM5,
UQCRHL,
NKX1-2,
HTATIP2,
CCDC86,
VHL,
RAB38,
MTRNR2L8,
BTBD10,
GPR33,
RTRAF,
NUPR2,
FEM1B,
ILDR1,
SYN1,
MMP24OS,
LAX1,
OR5AC1,
TMEM267,
AJM1,
SMIM34A,
MRPL15,
WFDC5,
ENOPH1,
VPS52,
MEIS3,
ABRAXAS1,
OMG,
VPS37B,
PACRGL,
TMEM238,
ASCL3,
BABAM2,
RIDA,
KMT5C,
TOMM70,
ZCCHC24,
SMIM2,
EMP1,
MED6,
PLET1,
PPID,
CFB,
TTC36,
PEX11B,
LIPG,
LYSMD4,
P4HB,
CLEC4A,
CBY1,
CPOX,
PPP1R14A,
COX7A2L,
TMPRSS3,
ZNF785,
PRR29,
ITPRIPL1,
PPP1R14B,
TAX1BP1,
PINK1,
SF3B6,
LSM2,
C6ORF163,
TESC,
GCLM,
EIF1AD,
TAS2R50,
TCF19,
OR1E3,
CTSB,
C4ORF54,
ENTPD6,
PPIAL4D,
TCEAL7,
SMIM10L2A,
STMP1,
RALY,
APELA,
MRPL1,
NADK,
TNFAIP8L2,
RFFL,
USP17L25,
PPAN,
ARF3,
PTPN11,
RNPEP,
NGF,
ANO10,
TICAM2,
KRTAP12-2,
PCP4L1,
PFN4,
HRK,
HYPM,
IFFO2,
NEUROG2,
TOB1,
CYBA,
IFT20,
CFAP410,
FGF4,
CLCF1,
FGFR1OP2,
RBMY1E,
MLF2,
THY1,
THBD,
SPINK14,
TNFSF13,
VSIG10L,
TNFAIP8L3,
RPL9,
RNASE4,
SLC35E4,
SLC2A4,
LRRC45,
C3AR1,
IL17B,
RPL11,
ASGR1,
DEFB125,
C9ORF43,
IQCD,
KCTD17,
GTF2H2C,
HINT2,
HYLS1,
KDELR3,
PVALEF,
CAPZA3,
CD3D,
DEFA3,
TMCO2,
SULT1A3,
CAVIN1,
IGFALS,
PSMD6,
RRM2,
ARL16,
MYD88,
SETD4,
BDKRB2,
SMUG1,
UNC50,
RUBCNL,
LCNL1,
OR1L1,
WASHC1,
AES,
AFAP1L2,
JPT2,
RAET1L,
HCCS,
FYB2,
NAXD,
IFNL4,
TRAPPC2L,
IL22RA2,
COPS5,
C9ORF16,
RS1,
RPP38,
DNAJC28,
MFSD10,
TMEM217,
KNCN,
SLC38A5,
RBSN,
STAC3,
SLC37A4,
RPS2,
SYNE4,
SDHAF4,
DAOA,
SLC35A1,
CLN8,
KLHL35,
CRACR2A,
CT83,
EFHD2,
C3ORF14,
GAGE1,
TMEM231,
SLC25A30,
GAR1,
CLEC18A,
NKX6-3,
NDRG4,
PBOV1,
BMT2,
NEURL1B,
RAB7A,
GPR183,
CC2D2B,
KCNMB1,
GPR12,
MT2A,
CRYBB2,
THOC7,
MDFIC2,
GDF5OS,
YIPF2,
TPCN2,
APOC4,
KRTAP12-4,
RPL6,
KLC4,
C1ORF174,
TVP23A,
PDF,
BBOF1,
PLPPR5,
PSMG4,
HPX,
MMP23B,
DEFB104B,
DNAAF4,
RAMAC,
STK26,
COMTD1,
VCX2,
NLRP2B,
TRNP1,
LARP6,
BORCS5,
OPRPN,
ARL17B,
ANG,
CBR3,
CTHRC1,
CDV3,
PRR34,
PHF24,
PGRMC1,
OR10AC1,
NMRAL1,
DHDDS,
RAB3A,
OOSP4B,
TIPARP,
TWIST2,
NPTX1,
LHB,
CDC14C,
TGFBR3L,
BCLAF3,
GOLGA6L7,
ZNF860,
RSRP1,
CDCA5,
AMZ2,
ZNF787,
MRPL33,
NMI,
MFSD4B,
SELENOO,
OMP,
SSBP4,
SRARP,
EID1,
AIPL1,
DEFB131B,
RBPMS,
PTGR1,
HDAC2,
C1ORF158,
ZNF66,
OR1K1,
SIT1,
OSBP,
TMEM260,
B3GLCT,
ZSCAN26,
PSMA4,
STATH,
LGALSL,
RPL30,
HOXD11,
HSFY1,
MAGED4B,
NPIPB13,
PSMD2,
CDC34,
CYB5D2,
ID2,
TMEM250,
FOSL1,
ITM2B,
MOB1A,
LCE3B,
TXNDC15,
KIF1BP,
AP5M1,
LAG3,
GAGE12D,
FAIM2,
DUSP5,
OGA,
FGL1,
C1ORF189,
PPIL6,
ZFP1,
SDC3,
ZFP36L2,
CCL13,
OR4F21,
SNU13,
PLPPR2,
CARD19,
SPACA9,
GLIS2,
MINOS1,
LEAP2,
PSMB6,
ERO1A,
NPIPB8,
RBP7,
CCDC153,
TRIM8,
NRIP3,
PHETA2,
CASP4,
C11ORF42,
FGFR1OP,
ARL17A,
RHOQ,
TMEM52,
PLA2G10,
SPEM2,
NCBP1,
TRIM40,
CDKN1A,
DND1,
ZFP30,
TIMM10,
ABHD14B,
HES4,
FAM136A,
SDR9C7,
TNFSF8,
C8ORF59,
MPP3,
MEF2A,
PRKAB2,
COQ8A,
RBM48,
ALKBH6,
CST6,
CHRAC1,
ANKRD65,
CLTRN,
NCBP2-AS2,
INTS11,
TSG101,
SMU1,
BEST4,
LKAAEAR1,
ISCA1,
OVCA2,
LRRC57,
LRRC19,
CASTOR1,
TEKT5,
METTL1,
CKLF,
ECD,
DEFB108B,
SDHAF3,
PNPO,
RHEBL1,
UTF1,
AMDHD1,
SLC25A48,
NUDT2,
CHMP4A,
RAB4B,
HAUS4,
ELOB,
DUPD1,
HAAO,
ADGRE5,
LIMD2,
MCUB,
OR2D2,
CCS,
DMAC2,
SERINC1,
ANXA1,
HIST2H2AA3,
PPIF,
GAREM1,
AAGAB,
FNDC10,
MLYCD,
MINDY4,
SNX30,
BDH2,
ATG4D,
TFAP2E,
SLC25A26,
RPL8,
DYDC1,
CHMP5,
ERO1B,
TUBE1,
FAM110C,
ZNF630,
PRR20A,
GCSH,
HSD17B14,
WFDC6,
UQCRB,
PNRC2,
BPY2,
NUDT7,
SMPD2,
LYSMD2,
ZNF296,
MAP1LC3B,
RPS20,
NT5C,
RAB29,
NUBP1,
NPPC,
COX7A1,
PLEKHM2,
CDSN,
TXN2,
CDY2B,
GIMD1,
DYNC1LI2,
PDGFB,
ASB3,
DEFB114,
FAM153A,
AGPAT5,
NAT8B,
MS4A18,
IER5L,
ZNF345,
MAGEB3,
SETD6,
MAL2,
EOGT,
LCE3C,
MRPL36,
C19ORF73,
HBM,
IL36G,
IAPP,
LMO3,
RAB3IP,
EIF1AY,
KIAA1024L,
BICDL2,
FAM236D,
ARMT1,
XK,
BZW1,
COMMD6,
ATP5F1B,
TMBIM6,
TAS2R30,
CAMK2N2,
CNR2,
IDNK,
ZFPM1,
PCNX4,
SLC22A18,
POLE2,
CASP12,
HDGFL3,
TMEM131L,
MRPS33,
DEPP1,
MFSD14B,
CNFN,
SCIMP,
ARFGEF3,
CNOT10,
SNX18,
SCGB3A1,
STX19,
TRIM13,
CRBN,
DR1,
FADD,
XAGE1A,
EBI3,
LMNB2,
EXOSC6,
DDT,
MBD3L2,
LAYN,
P3H2,
COX6A2,
PLPP6,
GRXCR2,
SELENOV,
SAV1,
RASL12,
C1QBP,
EDAR,
HOXB8,
ANKRD10,
KRTAP19-2,
PSMB7,
KATNB1,
FAM213B,
DPEP2NB,
MT-CYB,
TCTEX1D2,
NTN5,
GMPPB,
ABRAXAS2,
ZMAT2,
GLIPR2,
PALM3,
ARHGAP8,
RASSF10,
TSPOAP1,
VAMP3,
RTKN2,
ZNF175,
LEPROTL1,
PAQR7,
C2CD6,
MBD3L2B,
RTP3,
CT47A7,
SMIM22,
SLC2A1,
MKNK1,
SUPT7L,
ARPIN,
CRYBA1,
CDK4,
VAMP2,
PTH2,
FRMD5,
PFDN5,
TESMIN,
IRF8,
RACK1,
LDOC1,
EBLN1,
PRUNE1,
TNFRSF18,
MPV17L2,
TMA7,
DEFB119,
MT-ATP8,
PSME3,
FRG2B,
SGCG,
CAPNS1,
TWF2,
IGFBP2,
RNASEH2B,
ADGRV1,
ZSCAN16,
PINLYP,
DHX15,
BIVM,
C5ORF67,
ADAM20,
SLAMF9,
IGFBP7,
GPAT3,
CAVIN2,
MAP6D1,
CARNMT1,
LLPH,
ZDHHC2,
OR4A8,
TEDC1,
OCIAD2,
BHLHA15,
RAB6D,
CSK,
HAPLN2,
NGB,
ZNF140,
NOL4L,
GAGE12C,
DRICH1,
SCGB1D2,
TNFRSF13C,
CDKN2B,
C11ORF94,
C22ORF31,
NOXA1,
RPL22L1,
TMEM41A,
C2ORF15,
FAM173B,
ATP5F1A,
CDK2AP1,
BRD3OS,
YWHAZ,
FOXA3,
IK,
HARBI1,
VTI1A,
POLR2H,
PFN3,
SYNDIG1,
ZAR1,
C11ORF16,
SLC26A2,
OSTC,
PIH1D1,
SYS1,
PIH1D2,
OIP5,
TMEM88B,
VAMP5,
FITM1,
MYOT,
KRTAP9-6,
MRE11,
YWHAH,
ARHGEF35,
OR56A5,
ATP5PF,
CXCL8,
TOMM6,
CCDC122,
PDLIM2,
FOXL2NB,
MRPS11,
MALT1,
TENT2,
PRPS2,
GSC2,
B3GNT2,
OTULIN,
TMEM189,
HPDL,
BBS10,
MRPL54,
RNF152,
SMN2,
ZNF428,
CREB3,
HLA-DMB,
GAL,
C19ORF25,
FAM167B,
DDIAS,
MT-CO3,
MEIOC,
FBXO4,
CITED4,
CFD,
C14ORF178,
TAPBPL,
UCP1,
CGAS,
CFAP157,
CXORF49,
HLCS,
TTC9,
CYSRT1,
KRBA2,
S100A5,
PRDX1,
FOXE3,
NEIL1,
RPUSD1,
NUDT21,
PHB,
C2CD4D,
OR2A42,
INAVA,
PSMD14,
ATP1B1,
C1ORF105,
QPCT,
ATP5MGL,
IQCN,
CASC10,
OTULINL,
CALY,
CARMIL2,
A3GALT2,
IFT22,
MT-ND4L,
PPIL3,
ID1,
RARRES2,
LTA,
CD2BP2,
HMGXB4,
MANEAL,
TSPY3,
GAL3ST1,
TAX1BP3,
NUDT4B,
TSEN54,
RBBP9,
PKN1,
UBE2J2,
NPPB,
WARS2,
ZFAND5,
PRAMEF8,
SPINT3,
DHPS,
MFAP4,
MAGEA2B,
ENPP6,
FGF22,
ZNF397,
ATP5MPL,
ERICH6B,
MTCL1,
NUP62CL,
DCP2,
SPHK1,
PHF1,
GNAL,
SPACA6,
ICE1,
FKBPL,
ADGRG2,
CRYBG2,
COX6C,
NMU,
EVA1B,
GPX8,
PRRT3,
HS3ST6,
BHLHA9,
CYP2U1,
RPL34,
CA8,
HTD2,
MTHFSD,
RNF212B,
OR4F3,
RETREG3,
NOSIP,
HMOX1,
C2ORF68,
NR1H2,
TEX46,
CCDC192,
ADGRD2,
ACP7,
IMP3,
GPR62,
MGARP,
CDCA4,
PRRX2,
ADGRB2,
PIMREG,
ALKAL1,
ZNF32,
MARF1,
TPSG1,
CADM4,
C9ORF92,
MRPS12,
HES6,
DNAJC15,
ENHO,
THEM6,
HYAL2,
LENEP,
SNRNP27,
DDIT4,
NREP,
PPP1R15B,
BLVRB,
NUDT16,
KCNG3,
MYORG,
C1ORF216,
PBK,
KRTAP4-2,
AGR3,
HAUS2,
SCGB2A2,
PLPP2,
FOXQ1,
GTPBP2,
C2ORF40,
RTL3,
C12ORF42,
PNMA6F,
PSMC1,
ZNF324,
IQCF6,
GZF1,
CAMLG,
ASB6,
OR6C6,
SLC25A11,
TENT4B,
USP17L3,
RSAD1,
DPAGT1,
GPR37L1,
NDUFAF6,
TMEM254,
ZNF654,
UFD1,
DSN1,
ACP4,
KRT40,
MTG1,
MEIOB,
AZIN2,
JCAD,
HPGD,
HBZ,
SH3BGRL3,
HRCT1,
FOXO6,
CLYBL,
ARL5A,
PCGF5,
MPC1,
MINDY3,
SPANXA2,
IDH2,
FGF18,
PDZK1IP1,
EFEMP1,
MTERF1,
SURF2,
DIRC1,
PIGP,
PRR20E,
CRYL1,
ARV1,
UQCC3,
IL4,
WFDC10A,
COA5,
ADAM28,
HAGHL,
TRIM38,
PRKACG,
OR8D4,
TMEM14C,
GSTT2B,
NT5DC1,
CLDN1,
MAPKAPK5,
COMMD5,
SPRED2,
REEP6,
ELK4,
MS4A2,
GNRH2,
NIPSNAP2,
TRAPPC5,
PPDPFL,
PAGE2,
GPR37,
ARHGAP45,
CCNH,
ZNF622,
PRY,
MFSD14C,
RPL15,
COMMD2,
RTL8B,
MED22,
C2CD4A,
DTWD1,
PIM3,
EFNA3,
DHRS1,
CTXN1,
FOPNL,
CIAO2A,
PTGES3L,
VXN,
ADORA2B,
POLR3K,
PRNP,
MTCP1,
STIMATE,
RAB4A,
NFIL3,
ING2,
PSMB9,
ZNF207,
GP1BB,
NSG1,
SPA17,
IER5,
TTPAL,
EIF3G,
STPG4,
MRLN,
HIST1H2BN,
ELP1,
TGFB1,
PGPEP1,
DELE1,
ARF6,
PATE3,
IYD,
KLF6,
IL1A,
FAM217A,
WFDC1,
OPRD1,
APOBEC2,
APH1B,
VKORC1,
ODF3B,
ELF2,
DEFB4B,
MISP,
NKX2-3,
USP17L8,
HLA-DQB1,
NACC1,
CASTOR3,
TP53TG3B,
C1GALT1C1,
NEMP1,
SNAPC5,
FOXK2,
C6ORF106,
BIN3,
BLCAP,
RNF133,
SOD1,
ITGB1BP2,
GCHFR,
CCDC185,
NEIL2,
KRTAP22-2,
SMIM5,
UCN,
REX1BD,
NCBP3,
HIKESHI,
MCHR1,
GOLPH3L,
PAQR3,
NDEL1,
HCG22,
TEX44,
KISS1,
DEFB129,
EFHD1,
LSM4,
PLPPR3,
TENT5C,
RHNO1,
SMIM15,
SPAG8,
GKN2,
SPOUT1,
PHETA1,
MAGEA3,
GADD45GIP1,
LY75,
CMTM8,
POLR1D,
NEURL3,
PSMC5,
TSTD3,
LYSMD3,
OR5H8,
ZFAND2A,
NOP16,
DRAM2,
MTERF4,
DHFR,
KRTAP15-1,
UBE2E1,
MILR1,
MIGA2,
C11ORF91,
C6ORF223,
POLR2M,
MT-ATP6,
RPS9,
ZBED9,
FAM205C,
SLC39A8,
ZNF563,
MYL6,
KCNIP2,
FABP9,
DEFB130A,
CCT7,
PNMA6A,
ZNF470,
GNG2,
WDR45B,
FLT3LG,
CFAP58,
MYOZ3,
C5AR2,
CWF19L1,
CYB561D2,
AARSD1,
CD68,
SCGB3A2,
CENPA,
RAMP3,
LIX1,
MBD2,
MCU,
SELENOS,
GPR135,
MPZL3,
TRAF3IP2,
VPS35L,
PAWR,
CLDND2,
VPS50,
FIGNL2,
CRABP2,
SAPCD2,
TMOD3,
CENPN,
COP1,
RPL12,
SELENOK,
CYP2D7,
RNF225,
WNT6,
UNC5CL,
USP17L28,
TMEM170A,
IL17D,
CCL20,
COX5A,
CENPVL3,
NRTN,
ZNF738,
STH,
AATK,
TCFL5,
ZG16,
C1QTNF9,
NRN1L,
NDUFA2,
SLC49A3,
ARMCX1,
RETREG1,
ZNF396,
PAQR4,
BDH1,
PPIH,
HSFY2,
SNX11,
FUNDC1,
TMEM144,
PLPP5,
GDPD3,
TEX51,
AP2S1,
CDC42EP2,
TRIM62,
ERICH6,
SLC30A6,
TRIM6,
HIST1H2AA,
PDE6H,
ATP23,
UNCX,
SCN1B,
SHISA4,
WASHC4,
ACSM6,
FAM234B,
TERB2,
ADGRG6,
CCNI2,
PEX11A,
PHF10,
LEMD1,
DOHH,
CIAO1,
WASHC3,
RPL36AL,
VPS25,
TMEM230,
SHF,
KCNE2,
CORO1B,
TMSB15A,
SPATA45,
DNAJC8,
DENR,
IFNA13,
ZPBP2,
VPS26C,
PLEKHA5,
TCEAL8,
CRADD,
TMEM181,
PTTG2,
GDAP2,
PGA4,
CEP131,
MFSD14A,
TMEM109,
PCBD2,
MUCL3,
TOGARAM1,
BBIP1,
THUMPD3,
TRIM35,
DCPS,
CCDC42,
SPHK2,
SAMD13,
AFG1L,
TSPAN13,
ZNF706,
PHYHIP,
APOLD1,
GNG11,
RNF222,
TIMM17A,
USP17L22,
DENND6B,
SSR2,
BCKDHA,
P4HA2,
IDI2,
DCD,
MIXL1,
LGALS7B,
TIMM10B,
UQCR11,
NKAPD1,
TNFSF18,
RNF227,
TMEM240,
ZCCHC9,
COX19,
CATSPERZ,
MRPS5,
JAM3,
RNPC3,
UBALD2,
PDK3,
FABP7,
SAC3D1,
CHAC2,
TRMT10A,
ACAA2,
KLF9,
C11ORF95,
ANKRA2,
TAZ,
HIGD2A,
CARD9,
GADD45A,
SAP25,
USP17L15,
ATMIN,
TEX38,
SMIM23,
ADRB1,
CBX7,
LPAR3,
CYP26C1,
ANKRD20A2,
CHPT1,
PEMT,
ADGRD1,
TPM2,
ARRDC4,
TUT4,
PRR20G,
GPX2,
S100A7,
M6PR,
KAZALD1,
ABHD18,
PIN1,
CD3E,
DEUP1,
PNMT,
BCAP31,
RTL4,
ZNF319,
ABHD12,
GRP,
KNL1,
SNX17,
TDO2,
EDF1,
GSG1L2,
ERH,
XKR8,
NSD3,
IFI35,
RAB40AL,
SLC39A13,
ANXA2,
MBD3L1,
MARS2,
CYB5D1,
OTUB1,
NTAN1,
VEGFD,
LYPLAL1,
FCMR,
STUM,
DDX28,
DAZAP2,
TRIM54,
RPS25,
AANAT,
ERICH5,
TMEM186,
MTIF3,
TMEM94,
CUTA,
JMJD7,
BATF3,
TCF23,
RRAGB,
ACKR1,
FBXW5,
POLR2I,
ANOS1,
SSX2,
IFNA17,
LYPLA2,
GPR68,
FAM228A,
CCDC71L,
SYNDIG1L,
ARMC12,
OR4K3,
NCALD,
LAGE3,
SHISAL2A,
ANKRD40,
SPDL1,
AMBN,
SLX1B,
COX7B,
ZNF395,
AKIP1,
ZMYND19,
MARCH3,
B4GALT7,
C4ORF19,
ELOA,
RWDD2A,
LMX1B,
VIRMA,
TXNL4A,
ANGPTL8,
DECR1,
ERI1,
BTBD17,
SLC39A14,
ARL14,
NME3,
OPRM1,
HOXC12,
MYCBP,
SPATC1L,
NCF4,
UCK1,
MBLAC1,
CREG2,
FA2H,
PHLDA1,
SNX10,
LAMTOR4,
KIZ,
TMEM268,
APOBEC3H,
RPL27,
C11ORF97,
RRAGA,
TAF13,
PPP5D1,
STMN2,
PKP3,
MYMK,
KYAT1,
TNFAIP8L1,
THAP8,
NUP58,
TAS2R8,
C1ORF56,
GPN3,
ACP5,
DXO,
EPHX2,
TAS2R9,
S100A4,
GFER,
ACBD7,
TFPT,
CAVIN3,
BHLHE41,
ANKRD39,
RAB27B,
SPINT2,
SNRNP25,
CA4,
ERBIN,
PYM1,
ADAT3,
ABRACL,
MKRN2OS,
LCE1C,
PITX1,
MARC2,
CIAO3,
C1ORF122,
METRN,
BSCL2,
TADA3,
PLEKHJ1,
SMCO3,
TCF24,
RGCC,
RAB3B,
ZNF786,
BEX3,
SLC39A9,
SPRR1A,
BMP8B,
RPL39L,
DHDH,
GABARAP,
SORT1,
SMIM43,
CFAP300,
CD58,
RHOXF2B,
PQLC2L,
SLC35E2A,
FRG2,
S100A10,
AP4E1,
PAIP2,
LGALS14,
KRTAP17-1,
FGF21,
EPHX4,
ATP6V0B,
CSTF3,
UTS2R,
TOMM20,
AGTRAP,
RBM24,
GAGE12B,
DEFB132,
TIMM50,
KLF2,
CFAP20,
SMIM1,
CFAP74,
CFAP298,
DNAL4,
SLC46A2,
POP5,
LMNTD1,
HCRT,
USP17L26,
CDCA2,
CLEC20A,
SPC24,
CPLX1,
QRFP,
CFAP69,
CIAO2B,
TM2D2,
PSPN,
STOM,
ULBP3,
SUMO2,
RABAC1,
DEFB106A,
CLDN24,
AAED1,
METTL24,
ATP6V1D,
FUOM,
CEMIP2,
RBM7,
PARP16,
PAFAH1B1,
RCBTB1,
SPATA25,
NDUFAB1,
SGTA,
AGMAT,
IL5,
MRPL12,
XAF1,
DYNLT1,
INPP1,
CLDN34,
PIGA,
LGALS7,
OGFOD2,
PRR13,
CAPG,
S100A12,
NPIPB11,
DUSP18,
TARM1,
SAE1,
SNX20,
SRGN,
MORN3,
PDK2,
TIMM8A,
STYX,
SMLR1,
RRP36,
FAM162A,
ITGB1BP1,
SYCE2,
ACOT13,
KBTBD7,
WDR97,
TMEM211,
PTP4A1,
ELF5,
CCT8,
TIRAP,
AQP4,
LRRC26,
USP17L10,
ZC3HAV1L,
TRIM61,
RGPD5,
TMEM42,
ADRB2,
LRP2BP,
ZNF705G,
C12ORF49,
DMRTC1B,
ETDB,
UBTD2,
MT-CO1,
SIAH2,
NR2C2AP,
C1ORF159,
GNA11,
DUSP28,
PTMA,
MRPL41,
CCDC189,
DEFB136,
FBXO36,
TYROBP,
SLC22A31,
SPIN2A,
CLEC2L,
SPINK4,
DCTN5,
NDUFA7,
TMEM273,
RNF19A,
KLRF1,
GOLGA8G,
TAF11,
CCNYL1,
MAFF,
BCL10,
NTHL1,
CCDC160,
PRR15,
DHFR2,
SPANXA1,
SLC22A3,
ZNF524,
ENPP5,
HPF1,
ANGPT4,
CSNK2B,
DEFA1,
TOPORS,
PCED1A,
PPM1L,
MTFMT,
SLFNL1,
USP17L21,
INSL6,
GJB5,
SULT1A4,
CTXND1,
CITED1,
CYBC1,
PLPP7,
MT1M,
TMED4,
AQP5,
SNORC,
TLX1,
HSD17B1,
ACOD1,
TRAPPC6B,
LRRC8E,
IL32,
MRTFA,
GRK3,
DAZ3,
ADGRB3,
ARMH2,
ACAP2,
KRTCAP2,
SMIM29,
SAP30L,
GUCD1,
COIL,
GPC4,
TAC3,
GDF5,
DEFB105B,
FAM3B,
IGFLR1,
C18ORF54,
CCDC134,
C10ORF99,
CSDC2,
COTL1,
WNT7B,
FRG2C,
USP17L27,
CAMK1,
H1FX,
ITPKA,
TMEM95,
EIF6,
VCPKMT,
DEFA1B,
SOHLH2,
ISOC2,
QTRT2,
ANKRD9,
EXOC1L,
WNT8B,
CSNK2A2,
KRTAP3-3,
KRT18,
CCDC184,
SAXO2,
TMEM221,
TEX50,
BRIX1,
EXOSC1,
SAXO1,
ADGRF5,
MBNL3,
PTGES3,
DSTN,
WFDC8,
C4ORF48,
NPIPB9,
GPR137B,
PSMG1,
WFDC3,
KHDC1L,
TEX43,
HEBP2,
HTR6,
INMT,
KRT27,
OR10J4,
IFIT1,
ZNF852,
SPINK2,
MSMO1,
SVBP,
SLC25A6,
SRP54,
FBXO10,
MT3,
C9ORF129,
NDUFB1,
KDF1,
ARID3C,
TM4SF4,
PRAP1,
MAFK,
FUCA2,
CLN5,
TRARG1,
DOLPP1,
CLK3,
DPP4,
MIOX,
SELENOP,
LAMTOR5,
MKRN1,
USP17L1,
HMGB3,
NBPF6,
TIPIN,
IL34,
MPV17L,
NEPRO,
AQP2,
TBC1D26,
FAM117B,
CCNT2,
DEFB115,
GYG2,
SMARCE1,
EGR3,
PHLDA2,
POP7,
KRTAP10-2,
CCL27,
MPLKIP,
FDX1,
EEF1AKMT3,
CARHSP1,
TEX48,
APOBEC3C,
C2ORF49,
KRTAP1-3,
GPATCH11,
TMEM136,
YPEL3,
MEIG1,
OR13H1,
FCER1G,
SEPT8,
CA5A,
PIDD1,
SLC10A1,
ZNF837,
CCDC24,
MINDY1,
POLE3,
ZNRD1,
SQOR,
BPGM,
SFR1,
PYCR2,
GRWD1,
SLA2,
MOGAT1,
ATPAF2,
SPATA46,
CLEC6A,
CCDC182,
ADGRE2,
FN3KRP,
TXNDC17,
COPZ1,
SLC25A51,
CCDC51,
TRMU,
TCAF1,
ZNF705B,
CTF1,
NDUFS5,
SOX17,
FAM118B,
KRTAP19-8,
FGFBP1,
ZNF233,
JOSD1,
MGST1,
PIGY,
FAM219B,
XRCC2,
DPP7,
HIF1AN,
LACTB,
PPP1R3G,
TEX45,
ARSB,
TRMT6,
CCDC9B,
RAB5IF,
RWDD3,
TNFSF12,
COPS9,
C5ORF38,
SHISA8,
CXORF49B,
C14ORF180,
CNRIP1,
NAT14,
JCHAIN,
ZSCAN9,
DAZ2,
TRIM11,
ATP6V1FNB,
HVCN1,
RNF121,
EDDM13,
ARPC4,
NPIPB3,
EIF2B3,
TMEM123,
JAGN1,
ZFP36L1,
AUNIP,
C1ORF131,
ACOT6,
TMEM206,
NKX2-4,
TIGD1,
COX6B2,
GTF2A1L,
C1ORF54,
EPPIN,
CDC26,
HLA-DOA,
FBXL5,
TMEM69,
JADE1,
REELD1,
NPW,
TCTA,
SFT2D1,
HSBP1L1,
COMMD3,
GRAPL,
SNX4,
PATE4,
CCDC112,
PXMP2,
MRTFB,
OTOR,
ARL14EPL,
ANKRD49,
TMEM50A,
MSS51,
C8ORF48,
GBX2,
GMFG,
CEP126,
MYL9,
RCAN2,
RNF113A,
RELCH,
P3H3,
ZNF774,
UXT,
IFNK,
SMNDC1,
TRMO,
NAPRT,
TMEM212,
SNN,
MTERF2,
SPRR2A,
CBLL2,
ADGRF3,
CFAP299,
CT47A12,
HOPX,
ZDHHC24,
SLC8B1,
GPR39,
SGO2,
ZC2HC1C,
GPR157,
TIGD2,
CXXC1,
ACYP1,
DRC3,
INSYN1,
RRAGC,
FABP5,
ZNF878,
AIF1L,
DNAJC5G,
KRTAP20-1,
RASD1,
RP2,
APOA2,
H2AFY2,
ATP5F1D,
INAFM1,
FIGLA,
CSAG1,
USP17L19,
DARS2,
GRK2,
VCY1B,
PCNX1,
PTPN20,
CEP76,
SREBF1,
ZNF101,
NDUFS6,
GJB7,
ASF1B,
SULT1A1,
MRGPRE,
IZUMO1R,
TENT5A,
RPL36A,
TMBIM1,
POLR2J3,
RAB2B,
NPB,
GNG3,
SLC16A1,
GNRH1,
TMSB4X,
CHRNB2,
TKFC,
COX8C,
DOP1A,
ACBD6,
DIO1,
ZNF415,
MPZL2,
FSBP,
CCDC85C,
CALML5,
IQANK1,
GIP,
CFAP53,
TP53TG3,
ARPC5L,
GPAT4,
KIAA0895L,
TRAF2,
MRPL18,
ARHGEF39,
OR5G3,
ANAPC10,
ZNF814,
ABHD17C,
TMED3,
NUCKS1,
MRPS16,
UBD,
MFSD4A,
JDP2,
GCN1,
SUMO3,
RPL35A,
FGF17,
IRGM,
KCTD6,
MZB1,
MED29,
VWA1,
AK6,
MKRN2,
TSTD1,
ALKAL2,
PEF1,
ZC3HC1,
C2ORF50,
RRS1,
NDUFA3,
IFNAR2,
KLRK1,
CDH1,
ADGRG5,
NANOGP8,
RIOX2,
HUS1,
RD3L,
HIST1H4H,
SMIM10L2B,
SELENOF,
EPYC,
SURF1,
TSPY4,
HMX3,
GFRA4,
ALPG,
MINDY2,
POC1A,
NPIPA2,
ICE2,
USF2,
SPAG11A,
EIF3CL,
SCAND1,
TIMM29,
FOXD2,
ERLIN2,
PRMT6,
TMEM225B,
ATP5PB,
ABHD14A,
PTPA,
SMIM12,
HJV,
MYLPF,
GCH1,
GALNT17,
STK17A,
HIST2H3A,
ATP5ME,
COPS7A,
EPGN,
PYROXD2,
NDUFAF1,
SYNPO2L,
KCNJ9,
ACER3,
PGAM1,
PLPP1,
PHYKPL,
PRAMEF14,
FAM114A2,
PPP6C,
TMEM173,
DRD4,
TMEM253,
FAM98B,
WDCP,
TERB1,
LSMEM1,
NFE4,
EMSY,
HACD3,
RILP,
FZD8,
RAMP2,
LACTB2,
TRAPPC2B,
CYP1A2,
RNF14,
FGF20,
ODR4,
ARL6IP4,
ZNF793,
GPR27,
S100P,
LTB4R2,
TCHP,
FBXO2,
SNCG,
SHTN1,
MPC2,
XRCC3,
C6ORF136,
LLCFC1,
FNDC4,
GVQW3,
C17ORF58,
HAUS1,
KAAG1,
VPS29,
TEX53,
UPK1A,
C9ORF47,
LRRC17,
ZC3H12D,
MSMP,
MAPK8IP1,
CD14,
NKX6-1,
FNDC11,
PGBD4,
HOXB6,
TWNK,
ADM2,
SPDYE2,
RNF141,
GNB4,
CDC7,
FGFBP3,
ENTPD3,
EEF1AKMT1,
RBMY1F,
CFAP46,
BTBD3,
SNAP23,
ADGRF4,
CEMP1,
EFNA4,
DEFB103B,
DMAC1,
PRAMEF15,
GSK3A,
NDUFB11,
CD302,
TMEM167B,
NKX1-1,
GCAT,
CD74,
BHMG1,
MRPL16,
FLRT3,
MRPS24,
C4ORF3,
LRMDA,
NR0B2,
SNAI3,
UBXN2A,
CKS2,
GVQW1,
FKTN,
MRFAP1L1,
VKORC1L1,
NDUFA12,
CT47A9,
CXORF38,
PSMD10,
CATSPERE,
BCL2L10,
EREG,
LRRC58,
CENPW,
MFSD13A,
CLDN20,
PHOSPHO2,
TSPY10,
ZNF487,
ASPHD1,
CNNM3,
LYPD5,
GSDME,
CD63,
TMEM130,
CENPX,
RNF208,
OST4,
SPCS1,
BNIPL,
IFT43,
CBARP,
HACD1,
P3H4,
KIAA0930,
USP17L2,
AVP,
GPATCH3,
PTPRCAP,
PLAC1,
ASF1A,
S1PR3,
B3GNT8,
PRR20C,
CFAP47,
SERAC1,
RIMS3,
TMED2,
RPP30,
ADGRE1,
SLC7A6,
PWWP3A,
MARCOL,
IFNA7,
RAB19,
TUT7,
LYPD1,
CXORF51A,
NICN1,
DEXI,
CCDC194,
PMF1,
DHRS7B,
ZMAT5,
EDN1,
BAX,
RLN1,
ZNF3,
PPP1R2C,
DLX4,
NDUFA5,
EIF2S3B,
MTRNR2L6,
CFAP100,
CDT1,
CFAP54,
THEM4,
MTCH1,
BST2,
UBE2T,
GGT6,
FAM243A,
NEXMIF,
RFLNB,
MRNIP,
SERPINA2,
OCLM,
NAPG,
CFAP36,
CA13,
RNASEK,
PRMT1,
UBE2V2,
USP17L29,
SAR1B,
NPY,
SRA1,
OVOL1,
SOST,
GSTT2,
ERFE,
OR52W1,
TPD52L1,
IZUMO4,
C5ORF52,
EDN2,
UTP11,
OR2W1,
SYPL1,
STK24,
CT47A1,
GRPR,
IFI27,
S1PR5,
SBSPON,
SPDYE16,
CDC42SE2,
SRPRA,
TEX47,
VCY,
TRADD,
SRI,
DUSP1,
TBC1D19,
HSFX1,
DLL4,
RIMBP3C,
MT-ND4,
PPBP,
CHCHD10,
BEND5,
GAGE12E,
LEXM,
IL33,
SPANXN5,
CATIP,
NHLRC2,
GNRHR,
UBE2S,
CT47A10,
ARL2BP,
SOCS3,
H1FNT,
B9D1,
CCT3,
PIAS4,
RIC1,
UBA7,
KLRC3,
TENT5B,
YPEL5,
SPDEF,
ETFRF1,
NECTIN4,
MRM2,
RAC3,
CTAGE8,
PCNX3,
DUSP19,
CARMIL3,
DECR2,
RMC1,
CAMKK1,
CHMP2B,
S100A13,
SEPT5,
ZNF561,
SLPI,
ORC6,
KDSR,
DAZ1,
MYL12A,
TBXT,
SLC1A2,
GNL3,
KRTAP9-7,
PRAMEF33,
PPP4R3C,
PRR30,
FAM234A,
C4BPB,
RAB5C,
SVIP,
GLRX5,
MYDGF,
TRIM28,
SFT2D3,
FAM20A,
SSC4D,
UBE2Q1,
INSYN2,
LY6L,
DAZ4,
ADHFE1,
ALKBH2,
ARMH1,
NUP43,
BRICD5,
CMTM3,
POLR2G,
MOB3C,
NFYB,
CEACAM7,
DOLK,
FBXO48,
TPCN1,
TAS2R20,
HLA-DPA1,
TMEM121B,
CCDC198,
BARHL1,
OR5K2,
KTI12,
PEBP4,
ACTL6A,
MAFA,
NWD2,
CBWD5,
ZNF41,
RPUSD4,
VAMP8,
FUT11,
CHST14,
CARMIL1,
TRIM49D2,
TMEM70,
PTS,
RBP1,
PSMD7,
PEBP1,
TMEM43,
PFDN6,
UCK2,
PLPP4,
FAAP20,
ADGRF2,
BPY2B,
DRC7,
CPLANE1,
C3ORF84,
C11ORF49,
EPHX1,
TSTD2,
HPCAL1,
EDDM3B,
KMT5A,
OR10AD1,
OR5AC2,
PUDP,
PURG,
RNF26,
RHOXF2,
TTC9B,
BRMS1L,
BEX5,
NTPCR,
MLANA,
VMA21,
FBXL2,
CHSY1,
CCDC65,
ZBTB14,
PGAM2,
TFG,
NCBP2L,
ADGRB1,
RANGRF,
POLH,
ETFBKMT,
KXD1,
ZNF726,
CAPS,
PLPBP,
KLRF2,
SLC45A3,
NDUFAF8,
MED31,
TRMT5,
KIAA1143,
TEAD4,
SLC25A15,
USP17L5,
MON1A,
SPAAR,
RBMY1D,
SHCBP1L,
LBHD1,
IRF6,
REC114,
TMEM35B,
CDKN3,
OR4D1,
CDK20,
HASPIN,
CIP2A,
C1ORF210,
ISCA2,
ARMH3,
C2CD4B,
ZNF580,
CT47A11,
MYMX,
GTSE1,
TMEM102,
SPX,
SPDYE2B,
COA6,
MAP1LC3B2,
TREX1,
MICU2,
GJC3,
HINT3,
UQCRQ,
ZNF639,
MTREX,
SERPINE2,
CXORF51B,
IFIT3,
MAPRE2,
NGRN,
EVA1A,
C3ORF36,
ZYX,
LYRM4,
NECTIN3,
ZSCAN29,
SMIM32,
AGBL5,
IL11RA,
ZCCHC12,
CENPVL1,
CT47A8,
CCDC186,
PYURF,
RPS14,
CROCC2,
FBLIM1,
MICU1,
BPY2C,
RPH3AL,
TRIM64,
SDHD,
FAM163B,
BCO1,
ARL6IP5,
PRTFDC1,
MAGEA9,
RAB11A,
CT62,
CFAP57,
RPS28,
FANCD2OS,
DBP,
TRMT112,
THAP12,
C18ORF21,
RNF223,
ADIRF,
AMY1B,
POLR3G,
SERPINB1,
UBE2L5,
GLT8D1,
FZD2,
SERP2,
USP17L18,
WAS,
RPP25L,
CTSL,
PKIG,
KAT14,
GAGE12F,
CEP19,
KRTAP2-1,
EMC1,
OR10G2,
ALKBH7,
KDELR2,
AP4B1,
B4GALT3,
REM2,
DCAF1,
C14ORF93,
FAAP24,
HMGN1,
POLE4,
METTL7B,
CPLANE2,
NKIRAS1,
IP6K1,
TGFB3,
GPR180,
KRTAP5-7,
NAXE,
TINF2,
ADGRG7,
FAM111A,
LONP1,
PI3,
COPE,
NSMCE3,
DLK2,
TMEM91,
SNAP29,
SELENOT,
LRR1,
DGCR6L,
INSL3,
CRK,
BORCS8,
RBM4,
GMPR2,
USP1,
COA4,
PRADC1,
SLC31A1,
FAM72B,
HOXB9,
GLRX2,
LMF2,
RBKS,
CFAP45,
AUH,
CLBA1,
ZNF891,
JAML,
SCGB1D1,
HEPN1,
PSMF1,
UBAP1,
TM4SF18,
PAAF1,
BEND7,
ARMS2,
MAJIN,
RTL9,
PDCD2,
MYOZ1,
ADCYAP1,
BORCS6,
FOXD4L4,
SELENOH,
SNW1,
PLEKHG1,
FAM106A,
ZNF529,
FMC1,
HSD11B2,
C17ORF99,
IMPAD1,
PCSK1N,
C11ORF58,
TENT5D,
TMEM31,
TMEM51,
MOB3B,
DEFB106B,
BRI3,
UTP4,
FABP2,
C10ORF143,
KCNA7,
TMED1,
C11ORF45,
ATP5F1E,
DEFB4A,
FNDC9,
ZNF652,
CCDC6,
TPGS1,
RDH13,
CBFA2T2,
SARAF,
HSPA13,
PRR27,
GSTA4,
PRAC1,
PTCD2,
KLLN,
KLHL22,
RHBDD3,
TRIM50,
NPIPB6,
MRPL53,
ANKRD29,
FAM25G,
RFXAP,
TMSB15B,
CDY1B,
NKX6-2,
TMEM259,
MED4,
CISD2,
SERF1B,
DDAH1,
CCDC191,
RNF166,
FFAR2,
DDX50,
GTSF1,
OR5AR1,
ASB13,
OR52Z1,
MRPL30,
RPS19BP1,
RGPD6,
PMP22,
CBFB,
SNCB,
CRYGS,
TMEM59,
UBE2G1,
UTP23,
FAAP100,
KRI1,
GAREM2,
PRAMEF7,
ANP32D,
GCLC,
CNNM4,
CFAP221,
FRAT2,
MLEC,
BIRC2,
PLAGL1,
PCLAF,
HAUS6,
MRPL57,
WFDC12,
VAMP1,
SENP8,
COQ8B,
RTL8A,
TPRN,
R3HDM4,
CCL19,
STK38L,
ESS2,
HNRNPH3,
MROH7,
CEMIP,
LINS1,
SMN1,
ANGPT2,
NIP7,
SERPINA10,
INAFM2,
PRR32,
METTL27,
RBM43,
GPR21,
MEIKIN,
ODF3,
GTF2E2,
NDUFB6,
NEUROG1,
ZDHHC3,
WAPL,
PLSCR3,
RBMY1B,
CRACR2B,
OR2T29,
FOXD4L1,
CALHM5,
CMC2,
ODAPH,
MT1A,
CTU2,
LEP,
ADIG,
MGP,
OR2V1,
NOCT,
AKR1E2,
GLYATL1B,
C10ORF88,
SELENOI,
IQCM,
GMDS,
CEP295,
PPP1R14C,
PLEKHN1,
CLDN6,
CHRFAM7A,
IFNGR1,
TMIGD3,
ELOA2,
PIGM,
CRIP3,
FAM193B,
GFOD2,
ZNF510,
PRR20B,
OR4K2,
SMIM24,
RPL13,
NDUFA13,
IGFBPL1,
HMGB1,
NANOS3,
CLCC1,
KHDC4,
KCNK1,
PRR4,
S100Z,
UQCRFS1,
C5ORF15,
ENTR1,
SLC1A7,
LCE3E,
LSM8,
CCDC103,
ZSCAN5C,
SNRPD2,
C1QTNF12,
TSPO2,
IER3,
AAMDC,
CTU1,
NNAT,
PAGE4,
TPRG1L,
CLECL1,
GLRX,
PRRG4,
AK2,
LRRC20,
SHISAL2B,
RUBCN,
RTN4IP1,
SAT2,
FAM173A,
RPA3,
RNF32,
THEMIS2,
LSM7,
BCAS4,
DRG2,
VSNL1,
YJU2,
IFNB1,
TOR2A,
ADGRA2,
C21ORF91,
ZBTB45,
TCF15,
CTAG1B,
ZNF682,
CFDP1,
CNBP,
NXNL1,
ADGRF1,
TOMM20L,
LRFN4,
CFAP61,
C1QTNF4,
STKLD1,
NECAP2,
KCNJ13,
ZNF26,
OR1L8,
PANX1,
INSM1,
P2RY6,
GLYCTK,
CXCL14,
MAD2L1BP,
AEN,
PIGX,
AKIRIN2,
TSPAN32,
AJUBA,
PPP1R12C,
PAXX,
ATP5IF1,
MAB21L4,
LARGE1,
CD300E,
USP17L13,
GDNF,
CRAMP1,
CDC23,
MXD4,
UBLCP1,
ATP5MC2,
ARSD,
OR13C7,
RASL11B,
ELK3,
CCDC90B,
SERINC4,
CCDC188,
ZBED8,
C20ORF202,
GCNT3,
DNAAF5,
ERICH4,
HEXDC,
BET1L,
C3ORF85,
POLR2K,
SMARCD2,
CCL21,
SMIM28,
RPRM,
BECN2,
CLPSL1,
C16ORF86,
LRRC74A,
CRIPT,
MACO1,
TMEM11,
ARL8A,
PRPH2,
PTGES,
RMI2,
FBXO44,
TSR1,
OR6C3,
GSTM2,
MRPL44,
NBL1,
RFLNA,
EEF1AKMT2,
IAH1,
PLAC9,
AGAP9,
FKBP8,
DDIT3,
CT47A2,
SPHAR,
ITPRID2,
BICRA,
PRR5,
PVALB,
KLHDC8B,
RRM2B,
LNPK,
HIST2H3C,
BCL2L14,
C19ORF70,
RHOF,
VANGL1,
IKZF5,
KRTDAP,
SNRPG,
BICRAL,
BOLA2B,
SFTPD,
GPAA1,
HDHD5,
RPS4Y1,
MLC1,
BABAM1,
PRR20D,
ACTR6,
SST,
ZNF620,
RTP5,
KBTBD4,
ZNF579,
PRR18,
OSGEP,
CSRP3,
GATB,
TXNL4B,
TMEM125,
PDZD9,
COMMD4,
PKD2,
SLIRP,
DEFB131A,
NTMT1,
NUSAP1,
SRFBP1,
MORF4L1,
MFSD12,
CLEC4D,
RNF186,
GPR78,
DNLZ,
GLOD5,
CMTM2,
SMIM35,
CXXC4,
IFNAR1,
GSTM1,
PRR36,
SQLE,
NAA38,
FAM3A,
OXT,
C15ORF40,
UCHL5,
ODF3L1,
EIF2S1,
BAMBI,
DUSP15,
ERG28,
ZNF724,
SLC1A5,
ATP5MF,
MAP3K21,
ZUP1,
XAGE1B,
PXYLP1,
RGS1,
C16ORF89,
TAF10,
DCTPP1,
COX7C,
NINJ1,
MFSD3,
FOXD1,
PRKAB1,
CFAP52,
GAGE12G,
LIMD1,
AKIRIN1,
SLC9A5,
RBM18,
TYMP,
SH2D3A,
TRIM74,
GJA9,
TNFAIP1,
ADRM1,
LIN7C,
EIF4EBP3,
ORM2,
TCAP,
HSPB11,
PUM3,
CEBPA,
PIP4P1,
MISP3,
PNRC1,
IPPK,
MRGPRD,
UCHL1,
CCDC96,
YBX2,
NRIP2,
KRT36,
LGALS2,
WDR18,
MT1H,
CTNNAL1,
BOLA1,
FAM110D,
ATG101,
CCER2,
OGFRL1,
AMDHD2,
PRR23C,
NUCB2,
ANKRD23,
PDCD5,
ADK,
FAM92A,
OR4F17,
PLBD1,
NPAT,
S100A6,
CD4,
AGPAT1,
SMIM36,
TMEM18,
NHP2,
SNF8,
HCRTR1,
SLC35G1,
SNRPA,
ATOH7,
SMIM31,
C2ORF92,
KRTAP29-1,
TCAF2,
KRTAP6-3,
LHFPL6,
SURF4,
SOX15,
G0S2,
PPA1,
CFAP70,
RETREG2,
RBMY1J,
MICU3,
TRMT9B,
ERCC1,
MAP3K20,
BCL7A,
DEFB105A,
USP17L30,
JUND,
GRXCR1,
EEF2KMT,
GSKIP,
FYB1,
PODXL2,
TMEM35A,
MAFG,
SAP30,
COX8A,
TMX2,
APOPT1,
SUMO4,
ARG1,
RND1,
TPPP2,
NBDY,
EOMES,
TMEM17,
ATG14,
BLOC1S5,
SLC24A1,
TMEM79,
TAF1D,
LRP5L,
MXD1,
MCRIP2,
NUPR1,
TCEAL1,
TOMM7,
INTS6L,
NRARP,
SMIM9,
WASHC5,
ATG12,
C1QTNF2,
LMNTD2,
FAM241A,
ARRDC5,
CDC25A,
TATDN3,
STBD1,
CXCL3,
ARIH2OS,
CHERP,
GLIPR1,
LIMS4,
KYAT3,
RIPOR3,
CHRNA3,
SERTM2,
YJEFN3,
VSIR,
MRFAP1,
TMEM256,
C1QTNF3,
HIGD1B,
CT47A6,
PPP1R11,
LIMS3,
ATP5MG,
ATP5PO,
RTL5,
DNAH10OS,
KRTAP21-3,
LMNB1,
GATD1,
PSCA,
ZNF713,
CT47A5,
OTUB2,
RDH11,
NOP53,
MRM3,
ANAPC13,
MESP1,
ADGRA3,
ZNF735,
PGLYRP2,
METTL17,
SKAP2,
FOXA1,
KISS1R,
JPT1,
PLA2G2A,
VTI1B,
CFC1B,
RNF135,
GATD3A,
CCL7,
USF3,
LRG1,
SLFN13,
EPO,
FPGS,
FAM185A,
CLEC3B,
HSDL1,
ZNF329,
PROCA1,
EPDR1,
RETN,
EMC9,
CHORDC1,
DNPH1,
PCARE,
ATP5MC1,
GUCY1B1,
PGP,
MSANTD1,
HOXD1,
NPIPA3,
HPCA,
RBMX2,
JOSD2,
CDK10,
STARD4,
RSPH14,
GNPNAT1,
EFCAB10,
C10ORF105,
C20ORF204,
TOR1A,
TEF,
RHOC,
COX16,
CCDC70,
PPP2CB,
NEU2,
WDR34,
DMTN,
PROSER3,
POU2F3,
PROK2,
DHRS9,
VASP,
MRAP,
PEAK3,
PTP4A3,
COX14,
TMEM141,
MRPS26,
TLE7,
B3GNT9,
TENT4A,
EME1,
RAMP1,
SHLD2,
CDC42EP5,
ARPC3,
NUDT3,
MINDY4B,
NAA80,
CEP85L,
MTMR9,
DDX55,
TAS2R4,
EIF5,
NXPH4,
PAFAH1B3,
SNRPA1,
SLC39A5,
FBXO6,
MGAM2,
NECTIN2,
HMX1,
SELENON,
CWC27,
CNPY3,
ASB18,
CRIP2,
ELOVL3,
TGIF2,
HOXD8,
KRTAP2-2,
ADGRG4,
LSM10,
PRELID3B,
CTRL,
ICOSLG,
DTD2,
SLC35G4,
PCP2,
TNFAIP3,
LTO1,
C22ORF39,
FBLL1,
DOP1B,
SPATA9,
DTX3,
USP17L23,
LURAP1,
GAGE12H,
FZD9,
RTL6,
ZNF684,
MPIG6B,
DEFB103A,
INSYN2B,
BUD23,
PRORY,
GOT1,
MRPS34,
UBL4A,
YKT6,
INTS13,
DCUN1D2,
CERS1,
YARS2,
OR5AL1,
MPG,
SELENOM,
RPUSD3,
GIMAP4,
CPTP,
PSMB8,
KIRREL1,
OCEL1,
EMC6,
LUZP6,
INTS14,
XAGE2,
IER3IP1,
CD5,
TMEM258,
GALNT4,
USP49,
FRMPD3,
YRDC,
MRPS18C,
PLCXD1,
NT5M,
DPY30,
BOLA2,
PUF60,
YTHDF1,
DDA1,
CCL24,
CCNG1,
TUBB4B,
SUMF1,
DHRS7C,
RXFP4,
PPP1R3B,
RPL29,
RAD9A,
ECHDC3,
ZNF775,
MRPL34,
TNFSF13B,
TFF3,
CDRT4,
ATF5,
LAMTOR3,
LYRM2,
PCMT1,
FAM9C,
CABCOCO1,
C11ORF68,
SYTL1,
SMPDL3A,
PRKN,
AKR1C3,
ZNF571,
HPS6,
UCP2,
ZSWIM9,
PITHD1,
PERM1,
MANF,
TERF2,
TM9SF1,
INKA1,
MSANTD2,
ISYNA1,
TNS2,
ZNF212,
ZNF766,
AKAP1,
APOM,
CEP295NL,
WHRN,
FAXC,
STPG3,
STOML2,
RSPO4,
UBL5,
USP17L12,
RHOB,
PLGLB1,
PROSER2,
ZDHHC7,
ALG14,
CDK2AP2,
CNMD,
SMIM30,
PDCD1LG2,
TSR3,
CFAP161,
CGB1,
COX6B1,
VHLL,
LSM14B,
SLC16A13,
NPAS1,
LRRC74B,
SMS,
TRIM16,
RNF34,
ZNF84,
KLRC4,
SMIM10L1,
MRPL58,
GRAMD2B,
RNASE12,
CT47A4,
PDCD2L,
RGS10,
FBXO27,
HMHB1,
WIPI1,
TNFSF15,
MYCL,
LRRC3C,
C7ORF33,
HNRNPCL4,
PRRC1,
ALYREF,
SNUPN,
APOBEC1,
RDH14,
TMSB4Y,
PPP4R3A,
C3ORF22,
CCDC177,
TMBIM4,
CFAP44,
SPDYE5,
CHP1,
BMF,
SKA2,
ARMH4,
PLA2G12A,
SPINT4,
PRR23D1,
ZNF74,
CCDC166,
PWWP2A,
CDKN1C,
CALHM6,
B9D2,
HNRNPA0,
PIK3IP1,
TCEAL9,
ERICH3,
BPIFA2,
TINCR,
C9ORF85,
RPP25,
CACTIN,
B3GNT6,
DNAJB13,
TRAPPC2,
ICAM4,
PTAR1,
FIS1,
ZNF234,
FARSA,
MRPL55,
RIPOR1,
SMIM11A,
CBR4,
NARS,
C20ORF144,
KBTBD3,
ENKD1,
SHLD1,
IFNA1,
SRSF10,
OLIG1,
SNX3,
C2CD4C,
NDUFB3,
EMC8,
SHE,
SPTY2D1OS,
PF4,
MESD,
CLPSL2,
RPL17,
VPS26A,
SC5D,
INKA2,
RUFY2,
CRAT,
CCDC58,
ADGRG3,
RPL41,
CCSAP,
MTRNR2L3,
HNRNPA1L2,
OR4S1,
RCCD1,
RPAIN,
C9ORF40,
EMP3,
TBCA,
APOO,
KMT5B,
GCNA,
CRYZL1,
NDUFAF7,
JMJD8,
CANX,
DGLUCY,
POLR2J2,
CEBPD,
HYAL1,
EXOSC2,
IGFBP4,
GRAMD2A,
DEGS1,
OMD,
TIFA,
OTX1,
EFL1,
CCDC85B,
SERF1A,
KCNE5,
MGAT4D,
RPL10A,
CPSF4L,
ATP5PD,
C12ORF73,
DAD1,
MLLT11,
SAMD1,
RTL8C,
CFAP97,
SDR39U1,
TP53TG3C,
PPP1R2B,
SMIM26,
CWC15,
COX17,
TCTEX1D4,
CEP83,
RPS27L,
KCNE3,
CLDN7,
ADGRL4,
ATP6V1G2,
MRO,
GPX1,
ELOF1,
MT-ND6,
GDF7,
RTBDN,
PROC,
CFAP73,
UNC119,
KIAA0513,
PHF19,
AVPI1,
SPACA4,
THEM5,
SAMD14,
TRMT1L,
E2F5,
CD164L2,
SMIM4,
EPS8L1,
LRRC75B,
SYNJ2BP,
ABCD3,
C17ORF107,
CRLS1,
LHX3,
GPS2,
SLF2,
WDR5,
EIPR1,
TALDO1,
FAM156B,
DESI1,
REXO5,
ARVCF,
DEGS2,
RANBP1,
WFDC10B,
SHISAL1,
RGS16,
PRR7,
CLHC1,
TLCD2,
RAB15,
CAVIN4,
IL12B,
ERVMER34-1,
PTMS,
CAAP1,
RAB23,
CORO2A,
CFAP77,
DEFB130B,
RPS17,
HDHD3,
TEX49,
C6ORF120,
ATG10,
FLYWCH2,
ADA2,
STC2,
BCL2L1,
MRPL52,
TK2,
VN1R3,
FCGR2C,
PQBP1,
RXYLT1,
CPNE2,
ENPP4,
LYVE1,
MED26,
PRMT9,
C1GALT1C1L,
TMEM218,
GOLT1A,
CIART,
CD55,
CTAGE4,
FAM89B,
PKIB,
KRTAP22-1,
HSDL2,
MAGED4,
DNAJC5,
POLR2J,
OSM,
RAX,
WDR53,
ARPP19,
PROCR,
SPACA5,
NANOS2,
GAST,
HSD17B10,
TTC9C,
SGF29,
TM2D3,
UPK3BL1,
PET100,
MRS2,
ZBTB25,
BANF2,
KATNAL1,
GGH,
IFI44L,
P2RY11,
NINJ2,
GALR3,
HTR3E,
C13ORF42,
TMEM105,
UBAP1L,
PIP4P2,
CLEC12B,
SLBP,
AK1,
SMCO1,
MTRNR2L5,
C17ORF113,
B3GNT7,
C7ORF61,
MTLN,
DCTN6,
YPEL4,
FGF1,
PSME2,
GP9,
ADGRE3,
ATP5F1C,
TRIM34,
LETM2,
CRYBG1,
OR52E1,
SGO1,
POPDC3,
PNMA8A,
BCDIN3D,
PPIB,
TMEM171,
YEATS4,
NUDCD2,
CDKN2AIPNL,
ERMN,
GON7,
HOXD4,
YIPF4,
